آریانا گراندا,Ariana Grande,celebrities, ,2,0,2021-05-10 00:00:00
	ذ ویتچر,The Witcher,gaming, ,5,0,2021-05-21 12:09:33
جنیفر لارنس,Jennifer Lawrence,celebrities, ,6,0,2021-05-01 00:00:00
خود شناسی,self know,physiologies, ,221,0,2021-05-26 17:39:07
هری پاتر,Harry Potter,movieSeries, ,138,0,2021-05-26 17:39:29
ذ ویکند,The Weekend,celebrities, ,0,0,2021-05-26 17:39:45
سلنا گومز,Selena Gomez,celebrities, ,1,0,2021-05-26 17:40:14
اد شراین,Ed Shereen,celebrities, ,2,0,2021-05-26 17:40:26
تیلور سویفت,Taylor Swift,celebrities, ,476,0,2021-05-26 17:38:52
||||||||,||||||||,||||||||,||||||||,||||||||
داستان ذ ویتچر, ,gaming,The Witcher,14,2021-05-15 20:52:53
هری پاتر و جام آتش و دوستانش, ,movieSeries,Harry Potter,342,2021-05-15 23:31:59
کامل ترین کویز تیلور سویفت, ,Celebrities,Taylor Swift,789,2021-05-15 20:51:41
هری پاتر و جام آتش, ,movieSeries,Harry Potter,84,2021-05-25 16:18:13
آیا شما دیوانه هستید, ,physiologies,self know,35,0,2021-05-16 16:50:13
----------,----------,----------,----------,----------
